{"class_dist": {"Obesity_Type_I": 351, "Obesity_Type_III": 324, "Obesity_Type_II": 297, "Overweight_Level_I": 290, "Overweight_Level_II": 290, "Normal_Weight": 287, "Insufficient_Weight": 272}, "bmi_by_class": {"Insufficient_Weight": 17.40424547453892, "Normal_Weight": 22.014146710242166, "Obesity_Type_I": 32.25563646768048, "Obesity_Type_II": 36.72342407172808, "Obesity_Type_III": 42.27374573657716, "Overweight_Level_I": 25.99077229841296, "Overweight_Level_II": 28.215232316101233}, "age_by_class": {"Insufficient_Weight": 19.783237150735292, "Normal_Weight": 21.738675958188153, "Obesity_Type_I": 25.884940732193733, "Obesity_Type_II": 28.233785323232325, "Obesity_Type_III": 23.495553969135802, "Overweight_Level_I": 23.41767367241379, "Overweight_Level_II": 26.996981424137932}, "faf_by_class": {"Insufficient_Weight": 1.2463235294117647, "Normal_Weight": 1.2473867595818815, "Obesity_Type_I": 0.9743589743589743, "Obesity_Type_II": 0.9797979797979798, "Obesity_Type_III": 0.6358024691358025, "Overweight_Level_I": 1.0689655172413792, "Overweight_Level_II": 0.9620689655172414}, "gender_dist": {"Male": 1068, "Female": 1043}, "family_hist_pct": {"Insufficient_Weight": 0.4632352941176471, "Normal_Weight": 0.5400696864111498, "Obesity_Type_I": 0.98005698005698, "Obesity_Type_II": 0.9966329966329966, "Obesity_Type_III": 1.0, "Overweight_Level_I": 0.7206896551724138, "Overweight_Level_II": 0.9379310344827586}}