{"BMI": 0.3404203438789468, "Weight": 0.20000881625030595, "Age": 0.05951859013366949, "Height": 0.05640739177397502, "Gender_Female": 0.03636199315605575, "Gender_Male": 0.0340889797588576, "FCVC": 0.023131336314179133, "NCP": 0.02048576140712982, "CAEC_Sometimes": 0.016774352953946015, "family_history_no": 0.01656347673012116, "CALC_no": 0.015640825675794674, "CALC_Sometimes": 0.01496071234617773, "CAEC_Frequently": 0.014098795267022929, "family_history_yes": 0.01392116413029014, "FAF": 0.013477404889864139, "risk_score": 0.013061877114145247, "TUE": 0.012310487857989686, "CH2O": 0.01221724175503824, "MTRANS_Public_Transportation": 0.010737843687155208, "age_group_young_adult": 0.01011591743591732}