{"test_accuracy": 0.9739952718676123, "cv_mean": 0.9824700570288953, "cv_std": 0.004139376941040874, "n_train": 1688, "n_test": 423}